[
  {
    "id": 1,
    "title": "Título del Artículo 1",
    "authors": "Autor 1",
    "abstract": "Resumen del artículo 1",
    "pdfPath": "uploads/articulo1.pdf",
    "status": "pendiente"
  },
  {
    "id": 2,
    "title": "Título del Artículo 2",
    "authors": "Autor 2",
    "abstract": "Resumen del artículo 2",
    "pdfPath": "uploads/articulo2.pdf",
    "status": "pendiente"
  },
  {
    "title": "Hola",
    "authors": "Como ",
    "abstract": "Estas",
    "pdfPath": "uploads\\7204351ea3523f6089de29608acec902",
    "status": "pendiente"
  },
  {
    "title": "Hola",
    "authors": "Como ",
    "abstract": "Estas",
    "pdfPath": "uploads\\338fdf681f3bb5ab6d0ad42c7d23714f",
    "status": "pendiente"
  }
]

